freq,eps_real,eps_imag
0.0,24.984398197561262,0.0
0.01,24.984457652807578,0.0007229297036505154
0.02,24.984636023747015,0.0014459227442636213
0.03,24.984933325982134,0.0021690424726701104
0.04,24.98534958552099,0.0028923522674428495
0.05,24.985884838782827,0.003615915548781981
0.06,24.986539132606026,0.004339795792417153
0.07,24.98731252425833,0.005064056543532432
0.08,24.988205081449397,0.005788761430719642
0.09,24.98921688234558,0.006513974179965823
0.1,24.99034801558705,0.007239758628680571
0.11,24.99159858030719,0.007966178739769007
0.12,24.992968686154327,0.008693298615756222
0.13,24.994458453315758,0.009421182512968975
0.14,24.9960680125441,0.010149894855780562
0.15,24.99779750518602,0.010879500250924748
0.16,24.99964708321327,0.01161006350188474
0.17,25.001616909256107,0.012341649623363182
0.18,25.00370715663909,0.013074323855839265
0.19,25.00591800941927,0.013808151680219068
0.2,25.008249662426763,0.014543198832585291
0.21,25.010702321307807,0.015279531319052663
0.22,25.01327620257019,0.016017215430735306
0.23,25.015971533631188,0.0167563177588325
0.24,25.01878855286796,0.017496905209839302
0.25,25.02172750967047,0.018239045020888512
0.26,25.0247886644969,0.018982804775230767
0.27,25.02797228893163,0.019728252417859388
0.28,25.031278665745788,0.020475456271286847
0.29,25.034708088960397,0.021224485051479846
0.3,25.038260863912143,0.021975407883959974
0.31,25.04193730732179,0.022728294320077166
0.32,25.045737747365266,0.023483214353463212
0.33,25.0496625237475,0.024240238436672723
0.34,25.05371198777894,0.024999437498019077
0.35000000000000003,25.05788650245489,0.02576088295861306
0.36,25.062186442537623,0.026524646749611906
0.37,25.066612194641387,0.02729080132968685
0.38,25.071164157320194,0.028059419702716994
0.39,25.075842741158645,0.02883057543571824
0.4,25.08064836886561,0.029604342677015085
0.41000000000000003,25.085581475370944,0.03038079617466451
0.42,25.090642507925253,0.031160011295140254
0.43,25.09583192620273,0.03194206404228666
0.44,25.10115020240708,0.03272703107655116
0.45,25.10659782138068,0.03351498973450488
0.46,25.11217528071691,0.03430601804866065
0.47000000000000003,25.117883090875765,0.03510019476759856
0.48,25.123721775302805,0.03589759937640859
0.49,25.12969187055145,0.03669831211746103
0.5,25.13579392640871,0.03750241401151468
0.51,25.142028506024403,0.03830998687917398
0.52,25.14839618604392,0.03912111336270553
0.53,25.154897556744572,0.03993587694822574
0.54,25.161533222175606,0.04075436198827071
0.55,25.168303800301935,0.041576653724760264
0.56,25.175209923151698,0.04240283831236841
0.5700000000000001,25.18225223696762,0.04323300284231213
0.58,25.189431402362334,0.044067235366571665
0.59,25.196748094477698,0.044905624922555114
0.6,25.204203003148173,0.04574826155822068
0.61,25.21179683306836,0.04659523635767042
0.62,25.219530303964746,0.047446641467229246
0.63,25.22740415077176,0.048302570122024144
0.64,25.23541912381226,0.049163116673077864
0.65,25.2435759889824,0.05002837661493293
0.66,25.251875527941156,0.05089844661382093
0.67,25.26031853830444,0.05177342453639375
0.68,25.268905833843995,0.052653409479033096
0.6900000000000001,25.277638244691097,0.05353850179775513
0.7000000000000001,25.28651661754523,0.0544288031387279
0.71,25.295541815887777,0.05532441646941936
0.72,25.304714720200856,0.05622544611039463
0.73,25.31403622819142,0.05713199776778135
0.74,25.323507255020722,0.05804417856642263
0.75,25.333128733539212,0.05896209708373788
0.76,25.342901614527115,0.059885863384312225
0.77,25.35282686694061,0.060815589055235444
0.78,25.362905478163945,0.06175138724221296
0.79,25.37313845426747,0.0626933726864709
0.8,25.38352682027174,0.0636416617624789
0.81,25.39407162041793,0.06459637251651433
0.8200000000000001,25.404773918444526,0.06555762470609283
0.8300000000000001,25.415634797870606,0.06652553984029053
0.84,25.426655362285736,0.06750024122098383
0.85,25.43783673564669,0.06848185398503455
0.86,25.449180062581153,0.06947050514744725
0.87,25.460686508698537,0.07046632364552842
0.88,25.47235726090808,0.07146944038407624
0.89,25.48419352774446,0.07247998828163217
0.9,25.496196539700982,0.07349810231782554
0.91,25.50836754957065,0.07452391958184326
0.92,25.52070783279519,0.07555757932205903
0.93,25.53321868782231,0.0765992229968556
0.9400000000000001,25.545901436471354,0.07764899432667657
0.9500000000000001,25.558757424307526,0.0787070393473441
0.96,25.571788021024947,0.07977350646468068
0.97,25.584994620838735,0.08084854651047436
0.98,25.59837864288632,0.08193231279982759
0.99,25.611941531638223,0.08302496118993169
1.0,25.625684757318588,0.0841266501403108
1.01,25.63960981633559,0.08523754077457865
1.02,25.653718231722138,0.08635779694375557
1.03,25.668011553586965,0.08748758529119278
1.04,25.682491359576453,0.08862707531915319
1.05,25.697159255347504,0.08977643945710008
1.06,25.712016875051628,0.09093585313174589
1.07,25.72706588183064,0.09210549483891564
1.08,25.742307968324223,0.0932855462172816
1.09,25.757744857189657,0.09447619212402696
1.1,25.773378301634057,0.09567762071249887
1.11,25.789210085959432,0.09689002351191363
1.12,25.80524202612091,0.09811359550917749
1.1300000000000001,25.821475970298486,0.09934853523289087
1.1400000000000001,25.83791379948261,0.10059504483960398
1.1500000000000001,25.85455742807408,0.10185333020239631
1.16,25.8714088044985,0.1031236010018532
1.17,25.888469911835823,0.10440607081951618
1.18,25.905742768465252,0.10570095723388676
1.19,25.92322942872609,0.10700848191906567
1.2,25.940931983594794,0.10832887074611226
1.21,25.95885256137882,0.10966235388721282
1.22,25.97699332842764,0.11100916592274847
1.23,25.995356489861464,0.112369545951358
1.24,26.0139442903181,0.11374373770309316
1.25,26.03275901471855,0.1151319896557685
1.26,26.05180298905175,0.11653455515461078
1.27,26.07107858117913,0.11795169253531781
1.28,26.090588201659443,0.11938366525063962
1.29,26.110334304594517,0.12083074200059961
1.3,26.130319388496503,0.12229319686647844
1.31,26.15054599717723,0.12377130944868585
1.32,26.171016720660333,0.12526536500865298
1.33,26.19173419611679,0.12677565461488127
1.34,26.212701108824575,0.1283024752932889
1.35,26.23392019315314,0.1298461301820024
1.36,26.255394233573405,0.13140692869074583
1.37,26.277126065694105,0.13298518666498552
1.3800000000000001,26.29911857732519,0.13458122655499585
1.3900000000000001,26.321374709569156,0.13619537759001635
1.4000000000000001,26.343897457941072,0.137827975957678
1.41,26.366689873518272,0.13947936498888372
1.42,26.389755064120518,0.14114989534833466
1.43,26.413096195521597,0.1428399252309015
1.44,26.436716492693343,0.1445498205640497
1.45,26.460619241083045,0.1462799552165323
1.46,26.48480778792527,0.14803071121357664
1.47,26.50928554358922,0.14980247895879747
1.48,26.534055982962645,0.15159565746307962
1.49,26.559122646873583,0.15341065458068312
1.5,26.58448914355096,0.15524788725283403
1.51,26.61015915012545,0.15710778175907475
1.52,26.636136414171716,0.15899077397665892
1.53,26.662424755293497,0.16089730964828905
1.54,26.68902806675277,0.16282784465850425
1.55,26.715950317144575,0.16478284531904314
1.56,26.74319555211882,0.16676278866351602
1.57,26.770767896150723,0.16876816275173637
1.58,26.798671554361377,0.1707994669840785
1.59,26.826910814390192,0.1728572124262397
1.6,26.85549004832084,0.1749419221448053
1.61,26.884413714662514,0.17705413155403008
1.62,26.91368636038836,0.1791943887742677
1.6300000000000001,26.94331262303297,0.18136325500249853
1.6400000000000001,26.973297232850943,0.18356130489542805
1.6500000000000001,27.003645015038565,0.18578912696564318
1.6600000000000001,27.0343608920208,0.18804732399134302
1.67,27.065449885805727,0.1903365134401762
1.68,27.096917120408868,0.19265732790774667
1.69,27.12876782434973,0.19501041557136872
1.7,27.16100733322307,0.19739644065968545
1.71,27.193641092347526,0.1998160839387853
1.72,27.226674659494353,0.2022700432154869
1.73,27.260113707698945,0.20475903385848584
1.74,27.293964028158257,0.20728378933809663
1.75,27.328231533217064,0.20984506178535056
1.76,27.362922259446265,0.21244362257124863
1.77,27.398042370816555,0.2150802629070054
1.78,27.433598161970885,0.2177557944661586
1.79,27.469596061599333,0.22047105002945996
1.8,27.506042635920092,0.2232268841535077
1.81,27.542944592270494,0.22602417386412493
1.82,27.580308782812118,0.2288638193755375
1.83,27.618142208354207,0.23174674483645466
1.84,27.656452022299845,0.23467389910421055
1.85,27.69524553471943,0.23764625654817928
1.86,27.734530216556323,0.24066481788373645
1.87,27.774313703969593,0.24373061103810253
1.8800000000000001,27.814603802819192,0.24684469204946974
1.8900000000000001,27.855408493298867,0.25000814600088217
1.9000000000000001,27.896735934722685,0.2532220879904157
1.9100000000000001,27.93859447047094,0.2564876641392771
1.92,27.98099263310179,0.25980605263952783
1.93,28.02393914963503,0.26317846484322366
1.94,28.067442947014822,0.2666061463948497
1.95,28.11151315775846,0.2700903784090322
1.96,28.156159125798574,0.27363247869560664
1.97,28.20139041252653,0.2772338030342312
1.98,28.24721680304512,0.28089574650084925
1.99,28.29364831263907,0.2846197448484265
2.0,28.340695193472133,0.2884072759445139
2.0100000000000002,28.388367941520215,0.292259861268327
2.02,28.436677303750116,0.29617906747017225
2.0300000000000002,28.48563428555414,0.30016650799620737
2.04,28.535250158451298,0.30422384478168085
2.05,28.585536468066174,0.3083527900159705
2.06,28.636505042397257,0.31255510798291836
2.07,28.688168000387062,0.3168326169801584
2.08,28.74053776080683,0.3211871913213332
2.09,28.793627051469432,0.32562076342531393
2.1,28.8474489187846,0.3301353259967738
2.11,28.902016737671445,0.33473293430270357
2.12,28.95734422184387,0.33941570854972736
2.13,29.013445434485256,0.3441858363673446
2.14,29.070334799329864,0.3490455754025323
2.15,29.12802711216883,0.35399725603144183
2.16,29.18653755280005,0.35904328419427395
2.17,29.245881697441874,0.36418614435976066
2.18,29.3060755316318,0.3694284026260726
2.19,29.367135463632245,0.37477270996536605
2.2,29.429078338366867,0.3802218056196273
2.21,29.491921451911995,0.38577852065592266
2.22,29.55568256656903,0.3914457816896632
2.23,29.620379926545183,0.3972266147850147
2.24,29.686032274271298,0.40312414954214676
2.25,29.752658867387044,0.40914162338161225
2.2600000000000002,29.820279496425588,0.41528238603680045
2.27,29.88891450323129,0.4215499042660747
2.2800000000000002,29.95858480014634,0.4279477667969678
2.29,30.029311890003594,0.43447968951556315
2.3000000000000003,30.10111788696571,0.4411495209150671
2.31,30.1740255382522,0.44796124781844754
2.32,30.248058246799047,0.4549190013910138
2.33,30.323240094897606,0.46202706345982686
2.34,30.399595868862505,0.4692898731579616
2.35,30.477151084781035,0.47671203391283357
2.36,30.555932015399552,0.4842983207990863
2.37,30.6359657182059,0.4920536882779321
2.38,30.717280064770016,0.49998327834630574
2.39,30.799903771409063,0.5080924291208174
2.4,30.883866431246922,0.5163866838831903
2.41,30.96919854774263,0.5248718006157435
2.42,31.0559315697665,0.5335537620574711
2.43,31.1440979283078,0.5424387863134351
2.44,31.23373107490292,0.5515333380525088
2.45,31.32486552187862,0.5608441403310354
2.46,31.41753688451086,0.5703781870826654
2.47,31.511781925206147,0.5801427563175958
2.48,31.60763859981921,0.5901454240775807
2.49,31.705146106228085,0.600394079196555
2.5,31.804344935295664,0.6108969389203992
2.5100000000000002,31.905276924355228,0.6216625654434409
2.52,32.0079853133665,0.6326998834236303
2.5300000000000002,32.112514803898655,0.6440181985431057
2.54,32.21891162110718,0.6556272171859859
2.5500000000000003,32.32722357888276,0.6675370673108527
2.56,32.43750014836259,0.6797583206014497
2.57,32.54979253000779,0.6923020159857709
2.58,32.6641537294644,0.7051796846208993
2.59,32.78063863744106,0.718403376448826
2.6,32.89930411385273,0.7319856884370534
2.61,33.02020907649777,0.7459397946271055
2.62,33.143414594554756,0.7602794781243184
2.63,33.26898398720623,0.7750191651733908
2.64,33.39698292771929,0.790173961476427
2.65,33.5274795533371,0.805759690923505
2.66,33.6605445813616,0.8217929369204877
2.67,33.7962514318369,0.8382910865147856
2.68,33.93467635727336,0.8552723775374224
2.69,34.0758985798862,0.8727559489990473
2.7,34.220000436859394,0.8907618949988305
2.71,34.36706753418501,0.9093113224285033
2.72,34.517188909672,0.9284264127796051
2.73,34.67045720576516,0.948130488390322
2.74,34.82696885286691,0.9684480834996585
2.75,34.98682426391021,0.9894050205112008
2.7600000000000002,35.150128040992726,1.0110284919070032
2.77,35.31698919494879,1.0333471482943632
2.7800000000000002,35.48752137880914,1.0563911931151373
2.79,35.661843136178646,1.080192484599133
2.8000000000000003,35.840078165649544,1.1047846456008146
2.81,36.02235560246429,1.1302031820225533
2.82,36.208810318747354,1.1564856105989694
2.83,36.39958324374129,1.1836715968962077
2.84,36.594821705609576,1.2118031044684987
2.85,36.7946797965091,1.2409245562131135
2.86,36.999318762789116,1.2710830090751646
2.87,37.20890742234383,1.3023283433772477
2.88,37.42362261133307,1.3347134681872352
2.89,37.64364966269333,1.368294544292826
2.9,37.86918291908958,1.4031312265257183
2.91,38.1004262832129,1.4392869273744822
2.92,38.33759380860895,1.476829104046009
2.93,38.58091033453449,1.5158295713846286
2.94,38.830612168684226,1.55636484333929
2.95,39.08694782201569,1.5985165059876558
2.96,39.35017880032633,1.6423716254864187
2.97,39.62058045771443,1.688023194726452
2.98,39.89844291758599,1.735570622936254
2.99,40.18407206746353,1.7851202730065185
3.0,40.47779063451511,1.8367860519119459
3.0100000000000002,40.779939349464605,1.8906900602956833
3.02,41.0908782073752,1.9469633080700428
3.0300000000000002,41.4109878347313,2.005746503790875
3.04,41.74067097329123,2.0671909266002655
3.0500000000000003,42.080354092362185,2.1314593907258708
3.06,42.43048914247494,2.1987273139005046
3.0700000000000003,42.791555464932955,2.2691839026542797
3.08,43.164061873397884,2.343033469269554
3.09,43.54854892558451,2.420496897320684
3.1,43.94559140529704,2.501813275197376
3.11,44.35580103748825,2.5872417198954203
3.12,44.77982946180114,2.677063416725954
3.13,45.2183714932083,2.7715839045341744
3.14,45.67216870195544,2.8711356406394155
3.15,46.14201334910245,2.9760808851407665
3.16,46.628752718617726,3.086814950636085
3.17,47.1332938923003,3.2037698709692553
3.18,47.656609019883,3.327418551587703
3.19,48.19974114361892,3.458279474746646
3.2,48.76381064460954,3.596922045493593
3.21,49.35002238723992,3.743972679540571
3.22,49.95967364852588,3.900121752322656
3.23,50.59416293113719,4.066131550415806
3.24,51.254999772569775,4.242845392877563
3.25,51.94381567864019,4.431198122017201
3.2600000000000002,52.66237632744655,4.6322282019004435
3.27,53.41259521047269,4.847091710184169
3.2800000000000002,54.19654890092484,5.077078566729905
3.29,55.01649416598863,5.323631413485179
3.3000000000000003,55.87488716977457,5.588367647696137
3.31,56.77440504750315,5.873105218900833
3.3200000000000003,57.71797016906882,6.179892934852674
3.33,58.70877745136825,6.511046189632821
3.34,59.75032512315819,6.8691892379356
3.35,60.84644939252367,7.257305404835556
3.36,62.00136351306074,7.678796955953724
3.37,63.2197017867194,8.137556779446857
3.38,64.50656907242616,8.638054575863524
3.39,65.86759637959113,9.185440950744667
3.4,67.30900309756257,9.785673705966497
3.41,68.83766631942325,10.445671793528458
3.42,70.46119751933085,11.173503916048936
3.43,72.18802647122457,11.978620747783536
3.44,74.0274916501148,12.872142365133826
3.45,75.98993527361561,13.867215927750264
3.46,78.08679936615682,14.979463225324812
3.47,80.33071635891565,16.227543783337406
3.48,82.73558313575207,17.633867311780428
3.49,85.31660007922451,19.225500049199432
3.5,88.09024492405011,21.035323844035123
3.5100000000000002,91.07413244705138,23.103525638043205
3.52,94.28668093107183,25.479519449315866
3.5300000000000002,97.74645796955387,28.224433808995197
3.54,101.47100017995899,31.414334592640515
3.5500000000000003,105.47477532755464,35.1443929140798
3.56,109.76575154017739,39.534239257090306
3.5700000000000003,114.33970994187784,44.73474002506154
3.58,119.1709136658314,50.93632482590342
3.59,124.19693146961873,58.3786346981755
3.6,129.29420655728487,67.3603396657184
3.61,134.23935276754355,78.24585326141892
3.62,138.64956010980515,91.46115643147049
3.63,141.89561351698592,107.4620858074043
3.64,142.98793818574197,126.64311424377898
3.65,140.46165613755855,149.13435274458195
3.66,132.35066959644163,174.4270839737598
3.67,116.45100863603835,200.83317162080138
3.68,91.14408325035137,225.02485560107743
3.69,56.78795663265586,242.29903125359587
3.7,16.83625370361055,248.2138390162759
3.71,-22.79848045122613,241.02722767788387
3.72,-56.35366745549648,222.84083266068168
3.73,-80.69437802797789,198.23222466952453
3.74,-95.7257382472556,171.8165125144723
3.75,-103.18074290927721,146.7513818665387
3.7600000000000002,-105.26555382693235,124.58171767232896
3.77,-103.90123909970566,105.73026381740065
3.7800000000000002,-100.50151925291432,90.02694448207556
3.79,-96.01449152821475,77.0643941474943
3.8000000000000003,-91.04006374395235,66.38697808220351
3.81,-85.94173836217232,57.574070676586864
3.8200000000000003,-80.93067592861236,50.26789589180172
3.83,-76.12288508413829,44.17606123866106
3.84,-71.57622844443848,39.064285067916266
3.85,-67.31373492181015,34.74649759104031
3.86,-63.33806369216572,31.075294407321252
3.87,-59.64038933278759,27.933762390522855
3.88,-56.20581252842955,25.228853755161737
3.89,-53.01661989636837,22.88616135564095
3.9,-50.05421648952681,20.845855458667
3.91,-47.30024132448224,19.05954298629627
3.92,-44.73718197661297,17.487843424765924
3.93,-42.34868411667037,16.098515362719827
3.94,-40.11967750186908,14.86500407566839
3.95,-38.03639380595794,13.765310774320287
3.96,-36.0863229667648,12.781107962864349
3.97,-34.25813681098532,11.89704367540567
3.98,-32.54159750500011,11.100191254377494
3.99,-30.927461359678002,10.379611801306485
4.0,-29.407384125209955,9.726004293406076
4.01,-27.973831175575963,9.131424267190951
4.0200000000000005,-26.61999429105757,8.589056417124425
4.03,-25.3397157167588,8.093029814602234
4.04,-24.12741956201035,7.638266996912983
4.05,-22.978050255187437,7.220360112350522
4.0600000000000005,-21.887017582372234,6.835468788392307
4.07,-20.850147753634335,6.480235527529559
4.08,-19.863639917454915,6.151715313712714
4.09,-18.924027556544626,5.847316793903884
4.1,-18.028144230934362,5.564752930621279
4.11,-17.173093176715657,5.30199943770845
4.12,-16.35622031500063,5.057259639330884
4.13,-15.575090271873936,4.828934651450109
4.14,-14.827465054216027,4.615597991016402
4.15,-14.111285067174524,4.415973882526355
4.16,-13.424652196271065,4.228918663379769
4.17,-12.765814710536663,4.053404795557477
4.18,-12.13315377279164,3.888507076893281
4.19,-11.525171369452732,3.7333907148019563
4.2,-10.940479495361139,3.5873009820181654
4.21,-10.377790449388314,3.4495542202598326
4.22,-9.835908114309685,3.319529995777834
4.23,-9.313720109924041,3.196664242089231
4.24,-8.810190721921607,3.080443251089265
4.25,-8.32435452080147,2.9703983952100423
4.26,-7.855310595437384,2.8661014811567362
4.2700000000000005,-7.402217334875971,2.7671606506567854
4.28,-6.964287699800625,2.673216756132936
4.29,-6.540784931950277,2.5839401496824728
4.3,-6.131018655782068,2.499027832560843
4.3100000000000005,-5.734341331914216,2.4182009198088084
4.32,-5.350145026487834,2.3412023809611937
4.33,-4.977858464620233,2.2677950231200446
4.34,-4.616944339667928,2.197759687222684
4.3500000000000005,-4.266896853132401,2.1308936322131893
4.36,-3.9272394627857317,2.067009085141505
4.37,-3.5975228190109867,2.0059319380553906
4.38,-3.2773228714865716,1.9475005749903924
4.39,-2.9662391302292654,1.8915648144631052
4.4,-2.6638930666792717,1.8379849546843852
4.41,-2.3699266419890286,1.786630910274998
4.42,-2.0840009509881767,1.7373814306220643
4.43,-1.8057949714624648,1.690123391191687
4.44,-1.5350044094190878,1.6447511501361034
4.45,-1.2713406319339455,1.60116596342522
4.46,-1.0145296799973877,1.5592754525100239
4.47,-0.7643113545097222,1.51899311920557
4.48,-0.5204383692327426,1.4802379030766388
4.49,-0.2826755650905355,1.4429337771316528
4.5,-0.05079918073808187,1.407009378089439
4.51,0.1754038252121859,1.3723976678875085
4.5200000000000005,0.39613640449291765,1.3390356234565925
4.53,0.6115920058199968,1.3068639521006182
4.54,0.8219551213309053,1.275826830099251
4.55,1.0274017959789337,1.245871662396383
4.5600000000000005,1.228100102761763,1.2169488614560724
4.57,1.4242105864111192,1.18901164356139
4.58,1.615886677944193,1.1620158410038368
4.59,1.8032750822714583,1.1359197287645837
4.6000000000000005,1.9865161408706236,1.1106838644254386
4.61,2.1657441713673187,1.0862709401696946
4.62,2.341087785710995,1.062645645842039
4.63,2.512670188495017,1.0397745421345064
4.64,2.6806094568444667,1.017625943052867
4.65,2.8450188031799755,0.9961698068963994
4.66,3.0060068220615346,0.9753776350544853
4.67,3.16367772222101,0.9552223779868233
4.68,3.318131544804988,0.9356783478111432
4.69,3.4694643687703515,0.9167211369736685
4.7,3.617768504302415,0.8983275425239533
4.71,3.7631326750591594,0.8804754955575651
4.72,3.9056421899841904,0.863143995427943
4.73,4.045379105375574,0.8463130483629704
4.74,4.18242237784658,0.829963610152815
4.75,4.316848008767792,0.8140775326036559
4.76,4.448729180736528,0.7986375134774814
4.7700000000000005,4.5781363865806135,0.783627049661218
4.78,4.705137551366754,0.769030393329565
4.79,4.829798147850662,0.7548325108850031
4.8,4.952181305774886,0.7410190444759441
4.8100000000000005,5.072347915392342,0.727576275909825
4.82,5.190356725566959,0.7144910927924885
4.83,5.306264436779095,0.7017509567383913
4.84,5.420125789340535,0.6893438735083194
4.8500000000000005,5.531993647103807,0.6772583649422944
4.86,5.641919076931025,0.6654834425655143
4.87,5.749951424170147,0.6540085827544078
4.88,5.856138384369862,0.6428237033584087
4.89,5.960526071449475,0.6319191416808024
4.9,6.06315908252593,0.621285633729187
4.91,6.16408055958701,0.6109142946526395
4.92,6.26333224818805,0.6007966002886975
4.93,6.360954553337619,0.5909243697488669
4.94,6.456986592727828,0.58128974897642
4.95,6.551466247454753,0.5718851952150047
4.96,6.644430210365735,0.5627034623308779
4.97,6.735914032161627,0.5537375869356304
4.98,6.8259521653744955,0.5449808752599083
4.99,6.914578006333734,0.5364268907320967
5.0,7.001823935226994,0.5280694422190361
5.01,7.08772135435572,0.5199025728887958
5.0200000000000005,7.172300724679351,0.5119205496582002
5.03,7.255591600736574,0.5041178531903062
5.04,7.337622664027048,0.49648916840933544
5.05,7.418421754931803,0.4890293755027272
5.0600000000000005,7.498015903246486,0.48173354138193064
5.07,7.57643135739689,0.47459691157543815
5.08,7.653693612402728,0.46761490252922977
5.09,7.7298274366514566,0.46078309429142994
5.1000000000000005,7.804856897540784,0.4540972235594228
5.11,7.878805386045093,0.44755317706906494
5.12,7.951695640258061,0.44114698530689794
5.13,8.023549767960684,0.43487481652746957
5.14,8.094389268261493,0.428732971058964
5.15,8.164235052352993,0.4227178758813803
5.16,8.233107463426071,0.4168260794624679
5.17,8.301026295781973,0.41105424683750386
5.18,8.368010813179113,0.405399154919863
5.19,8.43407976645027,0.3998576880300878
5.2,8.499251410423645,0.3944268336319134
5.21,8.56354352017972,0.38910367826436865
5.22,8.626973406673976,0.38388540365973023
5.23,8.689557931754125,0.37876928303768936
5.24,8.751313522599041,0.37375267756665603
5.25,8.812256185605165,0.368833032983638
5.26,8.87240151974479,0.36400787636464155
5.2700000000000005,8.931764729419546,0.35927481303797437
5.28,8.990360636831118,0.35463152363328165
5.29,9.048203693890224,0.3500757612595328
5.3,9.10530799368377,0.34560534880556715
5.3100000000000005,9.161687281519168,0.3412181763571544
5.32,9.217354965563896,0.33691219872486117
5.33,9.272324127097427,0.3326854330773221
5.34,9.326607530391929,0.32853595667482155
5.3500000000000005,9.380217632237255,0.3244619046983492
5.36,9.433166591125076,0.3204614681695702
5.37,9.485466276106326,0.31653289195738
5.38,9.537128275335307,0.31267447286695654
5.39,9.588163904313404,0.3088845578074296
5.4,9.638584213844592,0.3051615420344936
5.41,9.688399997714377,0.3015038674644866
5.42,9.7376218001034,0.29791002105662684
5.43,9.786259922746222,0.29437853326028757
5.44,9.834324431845515,0.29090797652432965
5.45,9.881825164751245,0.28749696386568513
5.46,9.928771736414273,0.28414414749450456
5.47,9.975173545622987,0.28084821749334127
5.48,10.021039781031593,0.27760790054795026
5.49,10.06637942698801,0.2744219587274168
5.5,10.111201269169195,0.27128918831143045
5.51,10.155513900031162,0.2682084186626405
5.5200000000000005,10.199325724080843,0.26517851114211977
5.53,10.242644962976495,0.26219835806606623
5.54,10.285479660463134,0.25926688170195833
5.55,10.327837687149177,0.2563830333024726
5.5600000000000005,10.369726745130205,0.25354579217554535
5.57,10.411154372465521,0.2507541647890459
5.58,10.452127947512968,0.24800718390859167
5.59,10.49265469312715,0.24530390776711808
5.6000000000000005,10.532741680726101,0.24264341926486718
5.61,10.572395834231125,0.24002482519853546
5.62,10.611623933884475,0.23744725551836526
5.63,10.650432619949179,0.23490986261203567
5.64,10.688828396295262,0.2324118206142499
5.65,10.726817633876443,0.22995232474097185
5.66,10.764406574101105,0.2275305906473127
5.67,10.801601332101388,0.22514585380811056
5.68,10.838407899903821,0.22279736892029314
5.69,10.874832149505075,0.2204844093261529
5.7,10.910879835856047,0.21820626645670085
5.71,10.946556599757468,0.2159622492943056
5.72,10.981867970670057,0.21375168385385934
5.73,11.016819369442208,0.21157391268174064
5.74,11.051416110957916,0.20942829437188523
5.75,11.085663406707749,0.20731420309829635
5.76,11.119566367285389,0.20523102816336092
5.7700000000000005,11.15313000481229,0.20317817356136536
5.78,11.186359235292795,0.20115505755662802
5.79,11.2192588809021,0.19916111227569133
5.8,11.251833672209232,0.19719578331304202
5.8100000000000005,11.284088250337184,0.195258529349849
5.82,11.316027169062313,0.1933488217852288
5.83,11.347654896854923,0.19146614437957243
5.84,11.378975818862992,0.1896099929094827
5.8500000000000005,11.409994238840861,0.18777987483389486
5.86,11.44071438102463,0.18597530897096642
5.87,11.471140391956046,0.18419582518534125
5.88,11.501276342256435,0.1824409640854098
5.89,11.531126228352337,0.18071027673020174
5.9,11.560693974154301,0.17900332434556288
5.91,11.589983432690396,0.17731967804928106
5.92,11.618998387695793,0.17565891858484028
5.93,11.647742555159809,0.1740206360634954
5.94,11.676219584831733,0.17240442971437167
5.95,11.704433061686716,0.17080990764230503
5.96,11.732386507352953,0.1692366865931491
5.97,11.760083381501321,0.16768439172628943
5.98,11.787527083198654,0.166152656394111
5.99,11.814720952225727,0.16464112192817928
6.0,11.841668270361046,0.1631494374318996
6.01,11.868372262631457,0.16167725957943407
6.0200000000000005,11.894836098530561,0.1602242524206604
6.03,11.921062893205914,0.15879008719196566
6.04,11.947055708615956,0.1573744421326759
6.05,11.9728175546575,0.155977002306933
6.0600000000000005,11.998351390264732,0.1545974594308318
6.07,12.023660124480505,0.153235511704643
6.08,12.048746617500756,0.1518908636499501
6.09,12.07361368169282,0.15056322595153798
6.1000000000000005,12.098264082588404,0.14925231530387423
6.11,12.122700539851964,0.14795785426203256
6.12,12.14692572822517,0.1466795710969099
6.13,12.17094227844816,0.1454171996545995
6.140000000000001,12.19475277815824,0.14417047921978227
6.15,12.218359772766668,0.14293915438300547
6.16,12.241765766314158,0.14172297491172448
6.17,12.264973222305684,0.14052169562498443
6.18,12.287984564525178,0.13933507627162664
6.19,12.310802177830666,0.13816288141190508
6.2,12.333428408930425,0.13700488030240593
6.21,12.355865567140647,0.13586084678416405
6.22,12.378115925125146,0.13473055917387589
6.23,12.400181719617594,0.13361380015811167
6.24,12.422065152126748,0.13251035669043243
6.25,12.443768389625188,0.13142001989131957
6.26,12.465293565221938,0.13034258495083303
6.2700000000000005,12.48664277881947,0.12927785103390918
6.28,12.507818097755484,0.12822562118822092
6.29,12.528821557429866,0.12718570225451734
6.3,12.54965516191726,0.12615790477937006
6.3100000000000005,12.570320884565575,0.12514204293025108
6.32,12.590820668580879,0.12413793441287164
6.33,12.611156427598956,0.12314540039071363
6.34,12.631330046243972,0.12216426540668672
6.3500000000000005,12.651343380674486,0.12119435730684905
6.36,12.671198259117219,0.12023550716612723
6.37,12.690896482388876,0.1192875492159776
6.38,12.710439824406318,0.11835032077393072
6.390000000000001,12.729830032685388,0.11742366217496278
6.4,12.749068828828701,0.11650741670464088
6.41,12.768157909002671,0.11560143053398887
6.42,12.787098944404054,0.11470555265602397
6.43,12.805893581716262,0.113819634823916
6.44,12.824543443555736,0.11294353149072028
6.45,12.843050128908587,0.11207709975064092
6.46,12.861415213557807,0.11122019928177748
6.47,12.879640250501236,0.11037269229031525
6.48,12.897726770360546,0.1095344434561152
6.49,12.915676281781444,0.10870531987966604
6.5,12.933490271825365,0.1078851910303565
6.51,12.95117020635277,0.1070739286960339
6.5200000000000005,12.968717530398381,0.10627140693380983
6.53,12.986133668538415,0.10547750202207955
6.54,13.003420025250147,0.1046920924137196
6.55,13.020577985263891,0.10391505869043223
6.5600000000000005,13.037608913907626,0.10314628351820324
6.57,13.054514157444439,0.10238565160384355
6.58,13.071295043402964,0.10163304965258302
6.59,13.087952880900982,0.10088836632668897
6.6000000000000005,13.10448896096233,0.10015149220508071
6.61,13.120904556827314,0.0994223197439121
6.62,13.137200924256758,0.09870074323809631
6.63,13.15337930182983,0.09798665878374783
6.640000000000001,13.169440911235831,0.09727996424151508
6.65,13.185386957560038,0.0965805592007815
6.66,13.201218629563794,0.09588834494471003
6.67,13.216937099958946,0.09520322441610964
6.68,13.232543525676768,0.09452510218410093
6.69,13.248039048131504,0.09385388441156031
6.7,13.263424793478663,0.0931894788233216
6.71,13.278701872868165,0.09253179467511453
6.72,13.293871382692483,0.09188074272322205
6.73,13.308934404829873,0.09123623519483595
6.74,13.323892006882833,0.09059818575909372
6.75,13.338745242411855,0.08996650949877794
6.76,13.353495151164642,0.08934112288266122
6.7700000000000005,13.368142759300822,0.08872194373848054
6.78,13.382689079612307,0.08810889122652393
6.79,13.397135111739406,0.08750188581381318
6.8,13.411481842382722,0.08690084924886916
6.8100000000000005,13.42573024551102,0.08630570453704259
6.82,13.43988128256505,0.08571637591639775
6.83,13.453935902657536,0.08513278883413299
6.84,13.467895042769301,0.08455486992352666
6.8500000000000005,13.48175962794169,0.08398254698139304
6.86,13.49553057146534,0.0834157489460374
6.87,13.509208775065389,0.08285440587569548
6.88,13.522795129083196,0.08229844892744718
6.890000000000001,13.536290512654654,0.08174781033659131
6.9,13.54969579388516,0.08120242339647084
6.91,13.563011830021324,0.0806622224387366
6.92,13.576239467619498,0.08012714281403883
6.93,13.589379542711159,0.07959712087313674
6.94,13.602432880965251,0.07907209394841447
6.95,13.615400297847533,0.07855200033579497
6.96,13.628282598776998,0.0780367792770403
6.97,13.641080579279437,0.07752637094243074
6.98,13.653795025138177,0.07702071641381249
6.99,13.666426712542103,0.07651975766800463
7.0,13.67897640823098,0.076023437560558
7.01,13.691444869638142,0.07553169980985613
7.0200000000000005,13.703832845030618,0.07504448898155085
7.03,13.716141073646726,0.07456175047332436
7.04,13.728370285831216,0.07408343049996985
7.05,13.74052120316798,0.07360947607878278
7.0600000000000005,13.752594538610408,0.0731398350152565
7.07,13.76459099660942,0.07267445588907387
7.08,13.776511273239242,0.07221328804038804
7.09,13.788356056320936,0.07175628155638679
7.1000000000000005,13.800126025543785,0.0713033872581316
7.11,13.811821852584512,0.07085455668766782
7.12,13.823444201224447,0.07040974209539623
7.13,13.834993727464619,0.06996889642770354
7.140000000000001,13.846471079638853,0.06953197331484279
7.15,13.857876898524909,0.06909892705905969
7.16,13.869211817453696,0.06866971262295846
7.17,13.88047646241659,0.0682442856181018
7.18,13.891671452170916,0.06782260229383998
7.19,13.902797398343615,0.0674046195263631
7.2,13.913854905533135,0.06699029480797225
7.21,13.924844571409594,0.0665795862365636
7.22,13.935766986813212,0.06617245250532178
7.23,13.946622735851108,0.06576885289261687
7.24,13.957412395992428,0.06536874725210091
7.25,13.968136538161888,0.0649720960029989
7.26,13.978795726831729,0.06457886012059101
7.2700000000000005,13.989390520112138,0.06418900112688028
7.28,13.99992146984015,0.06380248108144307
7.29,14.010389121667068,0.06341926257245685
7.3,14.020794015144432,0.06303930870790282
7.3100000000000005,14.031136683808558,0.06266258310693817
7.32,14.041417655263665,0.06228904989143555
7.33,14.051637451263659,0.0619186736776843
7.34,14.06179658779254,0.06155141956825194
7.3500000000000005,14.071895575143511,0.06118725314400105
7.36,14.081934917996778,0.06082614045625855
7.37,14.091915115496086,0.060468048019133906
7.38,14.10183666132401,0.060112942801983406
7.390000000000001,14.111700043776015,0.05976079222201701
7.4,14.121505745833328,0.05941156413704482
7.41,14.131254245234622,0.05906522683836018
7.42,14.140946014546548,0.058721749043756336
7.43,14.150581521233146,0.058381099890673895
7.44,14.160161227724124,0.05804324892947657
7.45,14.169685591482056,0.05770816611685188
7.46,14.179155065068505,0.05737582180933465
7.47,14.188570096209107,0.057046186756950536
7.48,14.197931127857604,0.056719232096976935
7.49,14.207238598258881,0.0563949293478191
7.5,14.216492941010992,0.05607325040299875
7.51,14.225694585126227,0.05575416752525291
7.5200000000000005,14.234843955091211,0.05543765334074069
7.53,14.243941470926064,0.05512368083335593
7.54,14.252987548242636,0.05481222333914312
7.55,14.261982598301845,0.0545032545408146
7.5600000000000005,14.270927028070103,0.05419674846236752
7.57,14.279821240274893,0.05389267946379732
7.58,14.288665633459473,0.05359102223590695
7.59,14.297460602036738,0.05329175179520909
7.6000000000000005,14.306206536342254,0.052994843478919605
7.61,14.314903822686482,0.052700272940040975
7.62,14.323552843406208,0.052408016142532675
7.63,14.332153976915174,0.05211804935656804
7.640000000000001,14.340707597753946,0.05183034915387491
7.65,14.34921407663903,0.051544892403158876
7.66,14.357673780511238,0.051261656265607206
7.67,14.366087072583326,0.05098061819047193
7.68,14.374454312386916,0.050701755910730464
7.69,14.382775855818707,0.05042504743882249
7.7,14.391052055185993,0.05015047106246085
7.71,14.399283259251511,0.04987800534051596
7.72,14.407469813277613,0.04960762909897122
7.73,14.415612059069776,0.04933932142694926
7.74,14.423710335019472,0.049073061672806256
7.75,14.431764976146406,0.048808829440294126
7.76,14.439776314140122,0.04854660458478849
7.7700000000000005,14.447744677400998,0.04828636720958157
7.78,14.45567039108065,0.048028097662238624
7.79,14.46355377712172,0.04777177653101653
7.8,14.471395154297111,0.04751738464134344
7.8100000000000005,14.479194838248622,0.04726490305235834
7.82,14.486953141525039,0.04701431305350945
7.83,14.494670373619662,0.046765596161209906
7.84,14.502346841007306,0.046518734115550124
7.8500000000000005,14.509982847180734,0.046273708877065466
7.86,14.517578692686596,0.04603050262355832
7.87,14.52513467516085,0.045789097746973234
7.88,14.53265108936364,0.04554947685032445
7.890000000000001,14.540128227213721,0.045311622744674845
7.9,14.547566377822363,0.04507551844616479
7.91,14.554965827526777,0.04484114717309065
7.92,14.562326859923068,0.04460849234303161
7.930000000000001,14.569649755898725,0.044377537570023856
7.94,14.576934793664647,0.04414826666178151
7.95,14.584182248786714,0.043920663616963194
7.96,14.591392394216914,0.04369471262248346
7.97,14.59856550032405,0.04347039805086822
7.98,14.605701834923977,0.043247704457653455
7.99,14.612801663309465,0.04302661657882623
8.0,14.619865248279602,0.04280711932830734
8.01,14.626892850168826,0.042589197795474744
8.02,14.633884726875511,0.04237283724272724
8.03,14.640841133890206,0.04215802310308722
8.040000000000001,14.647762324323434,0.04194474097784228
8.05,14.654648548933153,0.041732976634224726
8.06,14.661500056151796,0.041522716003128
8.07,14.668317092112984,0.04131394517686
8.08,14.67509990067783,0.041106650406932024
8.09,14.68184872346092,0.040900818101883125
8.1,14.688563799855906,0.04069643482513884
8.11,14.69524536706079,0.04049348729290399
8.120000000000001,14.70189366010282,0.04029196237208877
8.13,14.708508911863092,0.04009184707826763
8.14,14.715091353100776,0.03989312857367027
8.15,14.721641212477063,0.03969579416520403
8.16,14.728158716578752,0.03949983130250764
8.17,14.73464408994153,0.03930522757603516
8.18,14.741097555072951,0.0391119707151698
8.19,14.747519332475093,0.038920048586367315
8.2,14.753909640666931,0.03872944919132812
8.21,14.76026869620639,0.03854016066519761
8.22,14.76659671371212,0.03835217127479478
8.23,14.772893905884981,0.03816546941686759
8.24,14.77916048352924,0.037980043616375594
8.25,14.785396655573493,0.03779588252479892
8.26,14.791602629091301,0.03761297491847313
8.27,14.797778609321572,0.03743130969694947
8.28,14.803924799688655,0.03725087588138034
8.290000000000001,14.810041401822204,0.03707166261292919
8.3,14.81612861557673,0.03689365915120481
8.31,14.822186639050955,0.03671685487271907
8.32,14.828215668606884,0.036541239269368274
8.33,14.834215898888628,0.03636680194693731
8.34,14.840187522840994,0.036193532623626415
8.35,14.846130731727834,0.03602142112860004
8.36,14.85204571515015,0.035850457400557575
8.370000000000001,14.857932661063977,0.0356806314863253
8.38,14.863791755798024,0.035511933539469735
8.39,14.869623184071102,0.03534435381893123
8.4,14.875427129009319,0.03517788268767819
8.41,14.881203772163065,0.03501251061138117
8.42,14.886953293523767,0.034848228157106656
8.43,14.892675871540451,0.03468502599203018
8.44,14.898371683136075,0.034522894882168316
8.45,14.904040903723667,0.03436182569112953
8.46,14.909683707222259,0.03420180937888312
8.47,14.91530026607261,0.034042837000546625
8.48,14.920890751252747,0.03388489970519042
8.49,14.926455332293303,0.033727988734660305
8.5,14.931994177292657,0.03357209542241688
8.51,14.937507452931893,0.033417211192392035
8.52,14.94299532448958,0.03326332755786185
8.53,14.948457955856345,0.03311043612033597
8.540000000000001,14.95389550954929,0.03295852856846293
8.55,14.959308146726212,0.032807596676951364
8.56,14.964696027199665,0.03265763230550658
8.57,14.970059309450829,0.03250862739778259
8.58,14.975398150643223,0.032360573980349104
8.59,14.980712706636238,0.03221346416167322
8.6,14.986003131998523,0.03206729013111578
8.61,14.99126958002118,0.03192204415794193
8.620000000000001,14.996512202730825,0.03177771859034577
8.63,15.001731150902467,0.03163430585448895
8.64,15.00692657407225,0.0314917984535527
8.65,15.01209862055002,0.0313501889668033
8.66,15.01724743743177,0.031209470048670956
8.67,15.022373170611893,0.031069634427841296
8.68,15.027475964795324,0.030930674906359895
8.69,15.032555963509516,0.030792584358749268
8.700000000000001,15.037613309116285,0.030655355731138118
8.71,15.042648142823488,0.03051898204040296
8.72,15.047660604696603,0.03038345637332153
8.73,15.052650833670125,0.030248771885737977
8.74,15.057618967558865,0.030114921801739792
8.75,15.06256514306908,0.029981899412845996
8.76,15.0674894958095,0.029849698077206596
8.77,15.072392160302211,0.029718311218813104
8.78,15.077273269993407,0.029587732326719938
8.790000000000001,15.08213295726402,0.029457954954276475
8.8,15.08697135344022,0.02932897271836974
8.81,15.091788588803803,0.029200779298677326
8.82,15.09658479260244,0.029073368436930636
8.83,15.101360093059824,0.028946733936188122
8.84,15.106114617385678,0.0288208696601185
8.85,15.110848491785667,0.02869576953229354
8.86,15.11556184147118,0.0285714275354906
8.870000000000001,15.120254790669007,0.028447837711004544
8.88,15.124927462630891,0.028324994157969
8.89,15.129579979642992,0.028202891032686642
8.9,15.134212463035219,0.028081522547968616
8.91,15.13882503319046,0.02796088297248282
8.92,15.143417809553723,0.027840966630110844
8.93,15.147990910641141,0.027721767899313614
8.94,15.152544454048899,0.027603281212505465
8.950000000000001,15.157078556462055,0.02748550105543647
8.96,15.161593333663244,0.027368421966583224
8.97,15.166088900541308,0.027252038536547417
8.98,15.1705653710998,0.02713634540746262
8.99,15.175022858465411,0.027021337272408793
9.0,15.179461474896305,0.0269070088748346
9.01,15.183881331790335,0.026793355007987216
9.02,15.188282539693192,0.026680370514349804
9.03,15.192665208306448,0.026568050285086294
9.040000000000001,15.19702944649551,0.02645638925949333
9.05,15.20137536229749,0.02634538242445968
9.06,15.205703062928986,0.02623502481393235
9.07,15.210012654793767,0.02612531150838988
9.08,15.214304243490378,0.026016237634322537
9.09,15.218577933819672,0.025907798363719
9.1,15.22283382979223,0.025799988913560036
9.11,15.227072034635725,0.02569280454531838
9.120000000000001,15.2312926508022,0.02558624056446539
9.13,15.235495779975242,0.025480292319983888
9.14,15.239681523077115,0.02537495520388722
9.15,15.243849980275776,0.02527022465074467
9.16,15.248001250991848,0.025166096137212823
9.17,15.252135433905487,0.025062565181572974
9.18,15.256252626963189,0.024959627343274438
9.19,15.260352927384526,0.024857278222483674
9.200000000000001,15.264436431668798,0.02475551345963919
9.21,15.268503235601619,0.02465432873501206
9.22,15.27255343426142,0.024553719768272003
9.23,15.276587122025905,0.024453682318058993
9.24,15.280604392578411,0.024354212181560284
9.25,15.284605338914213,0.024255305194092743
9.26,15.28859005334676,0.02415695722869046
9.27,15.292558627513836,0.02405916419569752
9.28,15.296511152383673,0.023961922042365944
9.290000000000001,15.300447718260966,0.023865226752458554
9.3,15.30436841479286,0.02376907434585698
9.31,15.308273330974846,0.023673460878174322
9.32,15.312162555156608,0.023578382440372872
9.33,15.3160361750478,0.023483835158386427
9.34,15.319894277723769,0.02338981519274739
9.35,15.323736949631202,0.023296318738218396
9.36,15.327564276593737,0.023203342023428657
9.370000000000001,15.33137634381749,0.023110881310514534
9.38,15.33517323589654,0.02301893289476491
9.39,15.33895503681835,0.022927493104270474
9.4,15.342721829969125,0.022836558299577755
9.41,15.34647369813913,0.02274612487334711
9.42,15.350210723527933,0.022656189250014974
9.43,15.353932987749602,0.022566747885460328
9.44,15.357640571837855,0.022477797266675058
9.450000000000001,15.36133355625114,0.02238933391143852
9.46,15.365012020877668,0.022301354367995962
9.47,15.368676045040408,0.022213855214740806
9.48,15.372325707502005,0.022126833059900854
9.49,15.375961086469667,0.02204028454122832
9.5,15.379582259599989,0.021954206325693486
9.51,15.383189304003732,0.021868595109182168
9.52,15.38678229625056,0.021783447616196747
9.53,15.39036131237371,0.021698760599560815
9.540000000000001,15.39392642787463,0.021614530840127384
9.55,15.397477717727563,0.02153075514649058
9.56,15.401015256384083,0.02144743035470074
9.57,15.404539117777588,0.02136455332798296
9.58,15.408049375327742,0.021282120956458973
9.59,15.411546101944879,0.021200130156872363
9.6,15.415029370034354,0.021118577872316968
9.61,15.418499251500855,0.0210374610719686
9.620000000000001,15.421955817752666,0.02095677675081987
9.63,15.425399139705897,0.02087652192941818
9.64,15.428829287788657,0.02079669365360676
9.65,15.4322463319452,0.020717288994268796
9.66,15.435650341640011,0.020638305047074573
9.67,15.43904138586187,0.020559738932231557
9.68,15.442419533127863,0.020481587794237394
9.69,15.445784851487355,0.020403848801635857
9.700000000000001,15.449137408525923,0.02032651914677553
9.71,15.45247727136925,0.02024959604557149
9.72,15.455804506686988,0.020173076737269563
9.73,15.459119180696566,0.020096958484213372
9.74,15.46242135916697,0.02002123857161425
9.75,15.465711107422493,0.019945914307323582
9.76,15.468988490346423,0.019870983021607905
9.77,15.472253572384727,0.019796442066926625
9.78,15.475506417549674,0.019722288817712184
9.790000000000001,15.478747089423432,0.019648520670152894
9.8,15.481975651161623,0.01957513504197817
9.81,15.485192165496855,0.019502129372246258
9.82,15.488396694742207,0.019429501121134347
9.83,15.491589300794683,0.019357247769731193
9.84,15.494770045138644,0.019285366819831992
9.85,15.49793898884918,0.019213855793735628
9.86,15.50109619259548,0.01914271223404429
9.870000000000001,15.504241716644145,0.019071933703465216
9.88,15.507375620862481,0.019001517784614914
9.89,15.510497964721756,0.018931462079825326
9.9,15.51360880730043,0.018861764210952398
9.91,15.516708207287346,0.018792421819186705
9.92,15.51979622298489,0.018723432564866253
9.93,15.522872912312135,0.018654794127291395
9.94,15.525938332807934,0.018586504204541728
9.950000000000001,15.528992541634002,0.018518560513295163
9.96,15.53203559557795,0.01845096078864903
9.97,15.535067551056308,0.018383702783942996
9.98,15.538088464117505,0.018316784270584197
9.99,15.54109839044483,0.018250203037874176
